# Main Pages
/         /index.html         200
/about    /pages/about.html   200
/our-work /pages/our-work.html 200

# Get Involved (Coming Soon)
/get-involved       /coming-soon.html?page=Get-involved 200
/volunteer          /coming-soon.html?page=Volunteer    200
/partner            /coming-soon.html?page=Partner      200
/donate             /coming-soon.html?page=Donation     200
/projects           /coming-soon.html?page=Project      200
/fundraise          /coming-soon.html?page=Fundraise    200

# Info & Footer Links (Coming Soon)
/programs           /coming-soon.html?page=Programs     200
/news               /coming-soon.html?page=News         200
/gallery            /coming-soon.html?page=Gallery      200
/contact            /coming-soon.html?page=Contact      200
/privacy            /coming-soon.html?page=Privacy      200
/terms              /coming-soon.html?page=Terms        200

# Special Cases
/coming-soon /coming-soon.html 200
/offline     /offline.html     200
/404         /404.html         404
